flowguid,flowname,startedon,lastmodified,state,flowowner,datetimestarted,datetimecompleted,taskstatus,triggertype,TriggerTypeGroup,finalsuccessful,Year,Month,WeekOfYear,Year - Wk,YearWeek,wassuccessful,Job_Date_UniqueKey
5dc58b00-a5b0-44f3-9881-94a9641c3629,Read CEVA Invoices,2024-05-22 10:19:34,2024-08-27 10:13:26,Started,powerautomate04,2025-04-19 17:52:02.113,2025-04-19 17:52:35.120,Succeeded,When_a_file_is_created_(properties_only),OtherTrigger,1,2025,4,16,2025-16,202516,1,2025-04-19 17:52:02.113_Read CEVA Invoices
338fb088-3417-40fa-bb9d-09870e7e2536,Promotion Alerts 24hrs,2024-08-08 13:47:26,2025-03-27 04:35:20,Started,Mohammad Asim,2025-04-19 19:30:00.387,2025-04-19 19:30:15.723,Succeeded,Recurrence,Recurrence,1,2025,4,16,2025-16,202516,1,2025-04-19 19:30:00.387_Promotion Alerts 24hrs
338fb088-3417-40fa-bb9d-09870e7e2536,Promotion Alerts 24hrs,2024-08-08 13:47:26,2025-03-27 04:35:20,Started,Mohammad Asim,2025-04-19 17:30:01.053,2025-04-19 17:30:14.950,Succeeded,Recurrence,Recurrence,1,2025,4,16,2025-16,202516,1,2025-04-19 17:30:01.053_Promotion Alerts 24hrs
338fb088-3417-40fa-bb9d-09870e7e2536,Promotion Alerts 24hrs,2024-08-08 13:47:26,2025-03-27 04:35:20,Started,Mohammad Asim,2025-04-19 15:30:00.460,2025-04-19 15:30:11.403,Succeeded,Recurrence,Recurrence,1,2025,4,16,2025-16,202516,1,2025-04-19 15:30:00.460_Promotion Alerts 24hrs
338fb088-3417-40fa-bb9d-09870e7e2536,Promotion Alerts 24hrs,2024-08-08 13:47:26,2025-03-27 04:35:20,Started,Mohammad Asim,2025-04-19 13:30:00.143,2025-04-19 13:30:11.167,Succeeded,Recurrence,Recurrence,1,2025,4,16,2025-16,202516,1,2025-04-19 13:30:00.143_Promotion Alerts 24hrs
338fb088-3417-40fa-bb9d-09870e7e2536,Promotion Alerts 24hrs,2024-08-08 13:47:26,2025-03-27 04:35:20,Started,Mohammad Asim,2025-04-19 11:30:00.733,2025-04-19 11:30:12.490,Succeeded,Recurrence,Recurrence,1,2025,4,16,2025-16,202516,1,2025-04-19 11:30:00.733_Promotion Alerts 24hrs
338fb088-3417-40fa-bb9d-09870e7e2536,Promotion Alerts 24hrs,2024-08-08 13:47:26,2025-03-27 04:35:20,Started,Mohammad Asim,2025-04-19 09:30:00.713,2025-04-19 09:30:14.683,Succeeded,Recurrence,Recurrence,1,2025,4,16,2025-16,202516,1,2025-04-19 09:30:00.713_Promotion Alerts 24hrs
953c04cd-1c28-df8e-fdc4-40ae16e71bc6,Orch_PricingAlerts_Canada_PS_SQL_V1,2024-05-03 11:39:49,2025-04-15 12:13:23,Started,powerautomate04,2025-04-19 09:25:35.710,2025-04-19 09:26:25.920,Succeeded,Recurrence,Recurrence,1,2025,4,16,2025-16,202516,1,2025-04-19 09:25:35.710_Orch_PricingAlerts_Canada_PS_SQL_V1
a133bddd-5833-41e9-9eeb-133a37c379a2,Amazon Cust Delivery Date Scrapping,2025-01-20 01:04:14,2025-03-21 06:54:18,Started,Mohammad Asim,2025-04-19 20:40:01.073,,Running,Recurrence,Recurrence,0,2025,4,16,2025-16,202516,0,2025-04-19 20:40:01.073_Amazon Cust Delivery Date Scrapping
a133bddd-5833-41e9-9eeb-133a37c379a2,Amazon Cust Delivery Date Scrapping,2025-01-20 01:04:14,2025-03-21 06:54:18,Started,Mohammad Asim,2025-04-19 03:40:00.023,2025-04-19 11:51:13.543,Succeeded,Recurrence,Recurrence,1,2025,4,16,2025-16,202516,1,2025-04-19 03:40:00.023_Amazon Cust Delivery Date Scrapping
ccc1f605-936a-454d-a4f7-e2346ad5d90d,Bullseye SQL Insertion Parent,2024-10-30 14:02:15,2025-02-04 04:19:48,Started,Mohammad Asim,2025-04-19 19:29:59.807,2025-04-19 19:30:02.410,Succeeded,Recurrence,Recurrence,1,2025,4,16,2025-16,202516,1,2025-04-19 19:29:59.807_Bullseye SQL Insertion Parent
ccc1f605-936a-454d-a4f7-e2346ad5d90d,Bullseye SQL Insertion Parent,2024-10-30 14:02:15,2025-02-04 04:19:48,Started,Mohammad Asim,2025-04-19 15:30:00.503,2025-04-19 15:30:04.720,Succeeded,Recurrence,Recurrence,1,2025,4,16,2025-16,202516,1,2025-04-19 15:30:00.503_Bullseye SQL Insertion Parent
ccc1f605-936a-454d-a4f7-e2346ad5d90d,Bullseye SQL Insertion Parent,2024-10-30 14:02:15,2025-02-04 04:19:48,Started,Mohammad Asim,2025-04-19 11:30:00.063,2025-04-19 11:30:04.433,Succeeded,Recurrence,Recurrence,1,2025,4,16,2025-16,202516,1,2025-04-19 11:30:00.063_Bullseye SQL Insertion Parent
8156d67f-3540-49f3-b0ec-1038f0d6777b,C2D BullsEye Prime - Queue ,2024-10-19 04:30:29,2025-02-05 07:56:17,Started,Mohammad Asim,2025-04-19 18:45:00.403,2025-04-19 18:45:04.747,Succeeded,Recurrence,Recurrence,1,2025,4,16,2025-16,202516,1,2025-04-19 18:45:00.403_C2D BullsEye Prime - Queue 
8156d67f-3540-49f3-b0ec-1038f0d6777b,C2D BullsEye Prime - Queue ,2024-10-19 04:30:29,2025-02-05 07:56:17,Started,Mohammad Asim,2025-04-19 17:45:00.453,2025-04-19 17:45:04.453,Succeeded,Recurrence,Recurrence,1,2025,4,16,2025-16,202516,1,2025-04-19 17:45:00.453_C2D BullsEye Prime - Queue 
93708011-97d8-42e3-a86f-b91acfba0cb0,C2D BullsEye Non-Prime - Queue,2024-10-22 09:58:41,2025-02-03 01:09:06,Started,Mohammad Asim,2025-04-19 12:15:00.503,2025-04-19 12:15:05.007,Succeeded,Recurrence,Recurrence,1,2025,4,16,2025-16,202516,1,2025-04-19 12:15:00.503_C2D BullsEye Non-Prime - Queue
93708011-97d8-42e3-a86f-b91acfba0cb0,C2D BullsEye Non-Prime - Queue,2024-10-22 09:58:41,2025-02-03 01:09:06,Started,Mohammad Asim,2025-04-19 11:14:59.913,2025-04-19 11:15:05.770,Succeeded,Recurrence,Recurrence,1,2025,4,16,2025-16,202516,1,2025-04-19 11:14:59.913_C2D BullsEye Non-Prime - Queue
93708011-97d8-42e3-a86f-b91acfba0cb0,C2D BullsEye Non-Prime - Queue,2024-10-22 09:58:41,2025-02-03 01:09:06,Started,Mohammad Asim,2025-04-19 10:14:59.653,2025-04-19 10:15:03.693,Succeeded,Recurrence,Recurrence,1,2025,4,16,2025-16,202516,1,2025-04-19 10:14:59.653_C2D BullsEye Non-Prime - Queue
953c04cd-1c28-df8e-fdc4-40ae16e71bc6,Orch_PricingAlerts_Canada_PS_SQL_V1,2024-05-03 11:39:49,2025-04-15 12:13:23,Started,powerautomate04,2025-04-19 17:25:36.073,2025-04-19 17:26:20.107,Succeeded,Recurrence,Recurrence,1,2025,4,16,2025-16,202516,1,2025-04-19 17:25:36.073_Orch_PricingAlerts_Canada_PS_SQL_V1
93708011-97d8-42e3-a86f-b91acfba0cb0,C2D BullsEye Non-Prime - Queue,2024-10-22 09:58:41,2025-02-03 01:09:06,Started,Mohammad Asim,2025-04-19 09:15:00.133,2025-04-19 09:15:04.987,Succeeded,Recurrence,Recurrence,1,2025,4,16,2025-16,202516,1,2025-04-19 09:15:00.133_C2D BullsEye Non-Prime - Queue
93708011-97d8-42e3-a86f-b91acfba0cb0,C2D BullsEye Non-Prime - Queue,2024-10-22 09:58:41,2025-02-03 01:09:06,Started,Mohammad Asim,2025-04-19 08:14:59.910,2025-04-19 08:15:05.500,Succeeded,Recurrence,Recurrence,1,2025,4,16,2025-16,202516,1,2025-04-19 08:14:59.910_C2D BullsEye Non-Prime - Queue
93708011-97d8-42e3-a86f-b91acfba0cb0,C2D BullsEye Non-Prime - Queue,2024-10-22 09:58:41,2025-02-03 01:09:06,Started,Mohammad Asim,2025-04-19 07:15:00.567,2025-04-19 07:15:06.767,Succeeded,Recurrence,Recurrence,1,2025,4,16,2025-16,202516,1,2025-04-19 07:15:00.567_C2D BullsEye Non-Prime - Queue
93708011-97d8-42e3-a86f-b91acfba0cb0,C2D BullsEye Non-Prime - Queue,2024-10-22 09:58:41,2025-02-03 01:09:06,Started,Mohammad Asim,2025-04-19 06:15:00.320,2025-04-19 06:15:04.183,Succeeded,Recurrence,Recurrence,1,2025,4,16,2025-16,202516,1,2025-04-19 06:15:00.320_C2D BullsEye Non-Prime - Queue
93708011-97d8-42e3-a86f-b91acfba0cb0,C2D BullsEye Non-Prime - Queue,2024-10-22 09:58:41,2025-02-03 01:09:06,Started,Mohammad Asim,2025-04-19 05:15:00.833,2025-04-19 05:15:04.540,Succeeded,Recurrence,Recurrence,1,2025,4,16,2025-16,202516,1,2025-04-19 05:15:00.833_C2D BullsEye Non-Prime - Queue
93708011-97d8-42e3-a86f-b91acfba0cb0,C2D BullsEye Non-Prime - Queue,2024-10-22 09:58:41,2025-02-03 01:09:06,Started,Mohammad Asim,2025-04-19 04:15:00.237,2025-04-19 04:15:03.037,Succeeded,Recurrence,Recurrence,1,2025,4,16,2025-16,202516,1,2025-04-19 04:15:00.237_C2D BullsEye Non-Prime - Queue
93708011-97d8-42e3-a86f-b91acfba0cb0,C2D BullsEye Non-Prime - Queue,2024-10-22 09:58:41,2025-02-03 01:09:06,Started,Mohammad Asim,2025-04-19 03:14:59.990,2025-04-19 03:15:03.357,Succeeded,Recurrence,Recurrence,1,2025,4,16,2025-16,202516,1,2025-04-19 03:14:59.990_C2D BullsEye Non-Prime - Queue
93708011-97d8-42e3-a86f-b91acfba0cb0,C2D BullsEye Non-Prime - Queue,2024-10-22 09:58:41,2025-02-03 01:09:06,Started,Mohammad Asim,2025-04-19 02:15:00.667,2025-04-19 02:15:04.907,Succeeded,Recurrence,Recurrence,1,2025,4,16,2025-16,202516,1,2025-04-19 02:15:00.667_C2D BullsEye Non-Prime - Queue
93708011-97d8-42e3-a86f-b91acfba0cb0,C2D BullsEye Non-Prime - Queue,2024-10-22 09:58:41,2025-02-03 01:09:06,Started,Mohammad Asim,2025-04-19 01:15:00.090,2025-04-19 01:15:03.580,Succeeded,Recurrence,Recurrence,1,2025,4,16,2025-16,202516,1,2025-04-19 01:15:00.090_C2D BullsEye Non-Prime - Queue
efe5161d-9c6c-42e0-ae09-c728e93af170,Refresh UOW for LTR Reporting,2024-10-07 16:44:19,2025-02-02 23:00:14,Started,Mohammad Asim,2025-04-19 11:56:00.530,2025-04-19 11:56:11.967,Succeeded,Recurrence,Recurrence,1,2025,4,16,2025-16,202516,1,2025-04-19 11:56:00.530_Refresh UOW for LTR Reporting
efe5161d-9c6c-42e0-ae09-c728e93af170,Refresh UOW for LTR Reporting,2024-10-07 16:44:19,2025-02-02 23:00:14,Started,Mohammad Asim,2025-04-19 10:56:00.360,2025-04-19 10:56:12.513,Succeeded,Recurrence,Recurrence,1,2025,4,16,2025-16,202516,1,2025-04-19 10:56:00.360_Refresh UOW for LTR Reporting
efe5161d-9c6c-42e0-ae09-c728e93af170,Refresh UOW for LTR Reporting,2024-10-07 16:44:19,2025-02-02 23:00:14,Started,Mohammad Asim,2025-04-19 09:56:00.227,2025-04-19 09:56:13.423,Succeeded,Recurrence,Recurrence,1,2025,4,16,2025-16,202516,1,2025-04-19 09:56:00.227_Refresh UOW for LTR Reporting
efe5161d-9c6c-42e0-ae09-c728e93af170,Refresh UOW for LTR Reporting,2024-10-07 16:44:19,2025-02-02 23:00:14,Started,Mohammad Asim,2025-04-19 08:55:59.837,2025-04-19 08:56:12.597,Succeeded,Recurrence,Recurrence,1,2025,4,16,2025-16,202516,1,2025-04-19 08:55:59.837_Refresh UOW for LTR Reporting
efe5161d-9c6c-42e0-ae09-c728e93af170,Refresh UOW for LTR Reporting,2024-10-07 16:44:19,2025-02-02 23:00:14,Started,Mohammad Asim,2025-04-19 07:56:00.617,2025-04-19 07:56:13.470,Succeeded,Recurrence,Recurrence,1,2025,4,16,2025-16,202516,1,2025-04-19 07:56:00.617_Refresh UOW for LTR Reporting
efe5161d-9c6c-42e0-ae09-c728e93af170,Refresh UOW for LTR Reporting,2024-10-07 16:44:19,2025-02-02 23:00:14,Started,Mohammad Asim,2025-04-19 06:56:00.247,2025-04-19 06:56:12.767,Succeeded,Recurrence,Recurrence,1,2025,4,16,2025-16,202516,1,2025-04-19 06:56:00.247_Refresh UOW for LTR Reporting
338fb088-3417-40fa-bb9d-09870e7e2536,Promotion Alerts 24hrs,2024-08-08 13:47:26,2025-03-27 04:35:20,Started,Mohammad Asim,2025-04-19 07:30:00.117,2025-04-19 07:30:16.867,Succeeded,Recurrence,Recurrence,1,2025,4,16,2025-16,202516,1,2025-04-19 07:30:00.117_Promotion Alerts 24hrs
338fb088-3417-40fa-bb9d-09870e7e2536,Promotion Alerts 24hrs,2024-08-08 13:47:26,2025-03-27 04:35:20,Started,Mohammad Asim,2025-04-19 05:29:59.837,2025-04-19 05:30:14.413,Succeeded,Recurrence,Recurrence,1,2025,4,16,2025-16,202516,1,2025-04-19 05:29:59.837_Promotion Alerts 24hrs
338fb088-3417-40fa-bb9d-09870e7e2536,Promotion Alerts 24hrs,2024-08-08 13:47:26,2025-03-27 04:35:20,Started,Mohammad Asim,2025-04-19 03:30:00.573,2025-04-19 03:30:13.253,Succeeded,Recurrence,Recurrence,1,2025,4,16,2025-16,202516,1,2025-04-19 03:30:00.573_Promotion Alerts 24hrs
338fb088-3417-40fa-bb9d-09870e7e2536,Promotion Alerts 24hrs,2024-08-08 13:47:26,2025-03-27 04:35:20,Started,Mohammad Asim,2025-04-19 01:30:00.367,2025-04-19 01:30:16.380,Succeeded,Recurrence,Recurrence,1,2025,4,16,2025-16,202516,1,2025-04-19 01:30:00.367_Promotion Alerts 24hrs
3ac57ccb-512a-412b-a78a-3a6286329277,Delete Processed Queues C2D Bullseye PRIME,2024-10-19 07:49:10,2024-11-20 15:25:31,Started,Mohammad Asim,2025-04-19 05:25:00.493,2025-04-19 06:00:35.723,Succeeded,Recurrence,Recurrence,1,2025,4,16,2025-16,202516,1,2025-04-19 05:25:00.493_Delete Processed Queues C2D Bullseye PRIME
8156d67f-3540-49f3-b0ec-1038f0d6777b,C2D BullsEye Prime - Queue ,2024-10-19 04:30:29,2025-02-05 07:56:17,Started,Mohammad Asim,2025-04-19 20:45:00.400,2025-04-19 20:45:04.143,Succeeded,Recurrence,Recurrence,1,2025,4,16,2025-16,202516,1,2025-04-19 20:45:00.400_C2D BullsEye Prime - Queue 
8156d67f-3540-49f3-b0ec-1038f0d6777b,C2D BullsEye Prime - Queue ,2024-10-19 04:30:29,2025-02-05 07:56:17,Started,Mohammad Asim,2025-04-19 19:44:59.920,2025-04-19 19:45:03.967,Succeeded,Recurrence,Recurrence,1,2025,4,16,2025-16,202516,1,2025-04-19 19:44:59.920_C2D BullsEye Prime - Queue 
efe5161d-9c6c-42e0-ae09-c728e93af170,Refresh UOW for LTR Reporting,2024-10-07 16:44:19,2025-02-02 23:00:14,Started,Mohammad Asim,2025-04-19 05:56:00.143,2025-04-19 05:56:20.087,Succeeded,Recurrence,Recurrence,1,2025,4,16,2025-16,202516,1,2025-04-19 05:56:00.143_Refresh UOW for LTR Reporting
efe5161d-9c6c-42e0-ae09-c728e93af170,Refresh UOW for LTR Reporting,2024-10-07 16:44:19,2025-02-02 23:00:14,Started,Mohammad Asim,2025-04-19 04:55:59.953,2025-04-19 04:56:12.447,Succeeded,Recurrence,Recurrence,1,2025,4,16,2025-16,202516,1,2025-04-19 04:55:59.953_Refresh UOW for LTR Reporting
064dcffe-b059-47e0-9971-7062eb1d6c4b,CloudFlowsRunHistory,2024-03-08 13:40:31,2025-04-15 16:12:03,Started,powerautomate04,2025-04-19 20:38:38.043,,Running,Recurrence,Recurrence,0,2025,4,16,2025-16,202516,0,2025-04-19 20:38:38.043_CloudFlowsRunHistory
ccc1f605-936a-454d-a4f7-e2346ad5d90d,Bullseye SQL Insertion Parent,2024-10-30 14:02:15,2025-02-04 04:19:48,Started,Mohammad Asim,2025-04-19 01:30:00.683,2025-04-19 01:30:04.370,Succeeded,Recurrence,Recurrence,1,2025,4,16,2025-16,202516,1,2025-04-19 01:30:00.683_Bullseye SQL Insertion Parent
255d96fb-d413-7087-0cfb-5498ec6bb72c,Pricing_System_Status_PS_SQL_V1,2024-05-08 11:13:56,2024-06-19 05:15:03,Started,powerautomate04,2025-04-19 20:19:47.810,2025-04-19 20:20:04.107,Succeeded,Recurrence,Recurrence,1,2025,4,16,2025-16,202516,1,2025-04-19 20:19:47.810_Pricing_System_Status_PS_SQL_V1
255d96fb-d413-7087-0cfb-5498ec6bb72c,Pricing_System_Status_PS_SQL_V1,2024-05-08 11:13:56,2024-06-19 05:15:03,Started,powerautomate04,2025-04-19 19:19:47.453,2025-04-19 19:20:02.150,Succeeded,Recurrence,Recurrence,1,2025,4,16,2025-16,202516,1,2025-04-19 19:19:47.453_Pricing_System_Status_PS_SQL_V1
255d96fb-d413-7087-0cfb-5498ec6bb72c,Pricing_System_Status_PS_SQL_V1,2024-05-08 11:13:56,2024-06-19 05:15:03,Started,powerautomate04,2025-04-19 18:19:46.993,2025-04-19 18:19:59.157,Succeeded,Recurrence,Recurrence,1,2025,4,16,2025-16,202516,1,2025-04-19 18:19:46.993_Pricing_System_Status_PS_SQL_V1
255d96fb-d413-7087-0cfb-5498ec6bb72c,Pricing_System_Status_PS_SQL_V1,2024-05-08 11:13:56,2024-06-19 05:15:03,Started,powerautomate04,2025-04-19 17:19:46.520,2025-04-19 17:20:01.890,Succeeded,Recurrence,Recurrence,1,2025,4,16,2025-16,202516,1,2025-04-19 17:19:46.520_Pricing_System_Status_PS_SQL_V1
255d96fb-d413-7087-0cfb-5498ec6bb72c,Pricing_System_Status_PS_SQL_V1,2024-05-08 11:13:56,2024-06-19 05:15:03,Started,powerautomate04,2025-04-19 16:19:45.970,2025-04-19 16:20:01.437,Succeeded,Recurrence,Recurrence,1,2025,4,16,2025-16,202516,1,2025-04-19 16:19:45.970_Pricing_System_Status_PS_SQL_V1
255d96fb-d413-7087-0cfb-5498ec6bb72c,Pricing_System_Status_PS_SQL_V1,2024-05-08 11:13:56,2024-06-19 05:15:03,Started,powerautomate04,2025-04-19 15:19:45.667,2025-04-19 15:20:02.163,Succeeded,Recurrence,Recurrence,1,2025,4,16,2025-16,202516,1,2025-04-19 15:19:45.667_Pricing_System_Status_PS_SQL_V1
255d96fb-d413-7087-0cfb-5498ec6bb72c,Pricing_System_Status_PS_SQL_V1,2024-05-08 11:13:56,2024-06-19 05:15:03,Started,powerautomate04,2025-04-19 14:19:45.203,2025-04-19 14:19:59.340,Succeeded,Recurrence,Recurrence,1,2025,4,16,2025-16,202516,1,2025-04-19 14:19:45.203_Pricing_System_Status_PS_SQL_V1
255d96fb-d413-7087-0cfb-5498ec6bb72c,Pricing_System_Status_PS_SQL_V1,2024-05-08 11:13:56,2024-06-19 05:15:03,Started,powerautomate04,2025-04-19 13:19:44.830,2025-04-19 13:19:58.527,Succeeded,Recurrence,Recurrence,1,2025,4,16,2025-16,202516,1,2025-04-19 13:19:44.830_Pricing_System_Status_PS_SQL_V1
255d96fb-d413-7087-0cfb-5498ec6bb72c,Pricing_System_Status_PS_SQL_V1,2024-05-08 11:13:56,2024-06-19 05:15:03,Started,powerautomate04,2025-04-19 12:19:44.423,2025-04-19 12:20:01.723,Succeeded,Recurrence,Recurrence,1,2025,4,16,2025-16,202516,1,2025-04-19 12:19:44.423_Pricing_System_Status_PS_SQL_V1
255d96fb-d413-7087-0cfb-5498ec6bb72c,Pricing_System_Status_PS_SQL_V1,2024-05-08 11:13:56,2024-06-19 05:15:03,Started,powerautomate04,2025-04-19 11:19:43.900,2025-04-19 11:20:01.180,Succeeded,Recurrence,Recurrence,1,2025,4,16,2025-16,202516,1,2025-04-19 11:19:43.900_Pricing_System_Status_PS_SQL_V1
255d96fb-d413-7087-0cfb-5498ec6bb72c,Pricing_System_Status_PS_SQL_V1,2024-05-08 11:13:56,2024-06-19 05:15:03,Started,powerautomate04,2025-04-19 10:19:42.693,2025-04-19 10:19:57.817,Succeeded,Recurrence,Recurrence,1,2025,4,16,2025-16,202516,1,2025-04-19 10:19:42.693_Pricing_System_Status_PS_SQL_V1
255d96fb-d413-7087-0cfb-5498ec6bb72c,Pricing_System_Status_PS_SQL_V1,2024-05-08 11:13:56,2024-06-19 05:15:03,Started,powerautomate04,2025-04-19 09:19:42.200,2025-04-19 09:19:57.007,Succeeded,Recurrence,Recurrence,1,2025,4,16,2025-16,202516,1,2025-04-19 09:19:42.200_Pricing_System_Status_PS_SQL_V1
255d96fb-d413-7087-0cfb-5498ec6bb72c,Pricing_System_Status_PS_SQL_V1,2024-05-08 11:13:56,2024-06-19 05:15:03,Started,powerautomate04,2025-04-19 08:19:41.957,2025-04-19 08:19:56.600,Succeeded,Recurrence,Recurrence,1,2025,4,16,2025-16,202516,1,2025-04-19 08:19:41.957_Pricing_System_Status_PS_SQL_V1
255d96fb-d413-7087-0cfb-5498ec6bb72c,Pricing_System_Status_PS_SQL_V1,2024-05-08 11:13:56,2024-06-19 05:15:03,Started,powerautomate04,2025-04-19 07:19:41.570,2025-04-19 07:19:57.390,Succeeded,Recurrence,Recurrence,1,2025,4,16,2025-16,202516,1,2025-04-19 07:19:41.570_Pricing_System_Status_PS_SQL_V1
255d96fb-d413-7087-0cfb-5498ec6bb72c,Pricing_System_Status_PS_SQL_V1,2024-05-08 11:13:56,2024-06-19 05:15:03,Started,powerautomate04,2025-04-19 06:19:41.023,2025-04-19 06:19:57.630,Succeeded,Recurrence,Recurrence,1,2025,4,16,2025-16,202516,1,2025-04-19 06:19:41.023_Pricing_System_Status_PS_SQL_V1
255d96fb-d413-7087-0cfb-5498ec6bb72c,Pricing_System_Status_PS_SQL_V1,2024-05-08 11:13:56,2024-06-19 05:15:03,Started,powerautomate04,2025-04-19 05:19:40.317,2025-04-19 05:19:55.153,Succeeded,Recurrence,Recurrence,1,2025,4,16,2025-16,202516,1,2025-04-19 05:19:40.317_Pricing_System_Status_PS_SQL_V1
255d96fb-d413-7087-0cfb-5498ec6bb72c,Pricing_System_Status_PS_SQL_V1,2024-05-08 11:13:56,2024-06-19 05:15:03,Started,powerautomate04,2025-04-19 04:19:40.023,2025-04-19 04:19:52.600,Succeeded,Recurrence,Recurrence,1,2025,4,16,2025-16,202516,1,2025-04-19 04:19:40.023_Pricing_System_Status_PS_SQL_V1
255d96fb-d413-7087-0cfb-5498ec6bb72c,Pricing_System_Status_PS_SQL_V1,2024-05-08 11:13:56,2024-06-19 05:15:03,Started,powerautomate04,2025-04-19 03:19:39.617,2025-04-19 03:19:56.190,Succeeded,Recurrence,Recurrence,1,2025,4,16,2025-16,202516,1,2025-04-19 03:19:39.617_Pricing_System_Status_PS_SQL_V1
255d96fb-d413-7087-0cfb-5498ec6bb72c,Pricing_System_Status_PS_SQL_V1,2024-05-08 11:13:56,2024-06-19 05:15:03,Started,powerautomate04,2025-04-19 02:19:39.123,2025-04-19 02:19:57.170,Succeeded,Recurrence,Recurrence,1,2025,4,16,2025-16,202516,1,2025-04-19 02:19:39.123_Pricing_System_Status_PS_SQL_V1
255d96fb-d413-7087-0cfb-5498ec6bb72c,Pricing_System_Status_PS_SQL_V1,2024-05-08 11:13:56,2024-06-19 05:15:03,Started,powerautomate04,2025-04-19 01:19:38.773,2025-04-19 01:19:53.727,Succeeded,Recurrence,Recurrence,1,2025,4,16,2025-16,202516,1,2025-04-19 01:19:38.773_Pricing_System_Status_PS_SQL_V1
255d96fb-d413-7087-0cfb-5498ec6bb72c,Pricing_System_Status_PS_SQL_V1,2024-05-08 11:13:56,2024-06-19 05:15:03,Started,powerautomate04,2025-04-19 00:19:38.407,2025-04-19 00:19:52.113,Succeeded,Recurrence,Recurrence,1,2025,4,16,2025-16,202516,1,2025-04-19 00:19:38.407_Pricing_System_Status_PS_SQL_V1
8156d67f-3540-49f3-b0ec-1038f0d6777b,C2D BullsEye Prime - Queue ,2024-10-19 04:30:29,2025-02-05 07:56:17,Started,Mohammad Asim,2025-04-19 16:45:00.890,2025-04-19 16:45:05.730,Succeeded,Recurrence,Recurrence,1,2025,4,16,2025-16,202516,1,2025-04-19 16:45:00.890_C2D BullsEye Prime - Queue 
8156d67f-3540-49f3-b0ec-1038f0d6777b,C2D BullsEye Prime - Queue ,2024-10-19 04:30:29,2025-02-05 07:56:17,Started,Mohammad Asim,2025-04-19 15:45:00.233,2025-04-19 15:45:04.370,Succeeded,Recurrence,Recurrence,1,2025,4,16,2025-16,202516,1,2025-04-19 15:45:00.233_C2D BullsEye Prime - Queue 
8156d67f-3540-49f3-b0ec-1038f0d6777b,C2D BullsEye Prime - Queue ,2024-10-19 04:30:29,2025-02-05 07:56:17,Started,Mohammad Asim,2025-04-19 14:45:00.713,2025-04-19 14:45:05.003,Succeeded,Recurrence,Recurrence,1,2025,4,16,2025-16,202516,1,2025-04-19 14:45:00.713_C2D BullsEye Prime - Queue 
8156d67f-3540-49f3-b0ec-1038f0d6777b,C2D BullsEye Prime - Queue ,2024-10-19 04:30:29,2025-02-05 07:56:17,Started,Mohammad Asim,2025-04-19 13:45:00.140,2025-04-19 13:45:03.753,Succeeded,Recurrence,Recurrence,1,2025,4,16,2025-16,202516,1,2025-04-19 13:45:00.140_C2D BullsEye Prime - Queue 
8156d67f-3540-49f3-b0ec-1038f0d6777b,C2D BullsEye Prime - Queue ,2024-10-19 04:30:29,2025-02-05 07:56:17,Started,Mohammad Asim,2025-04-19 12:45:00.790,2025-04-19 12:45:05.820,Succeeded,Recurrence,Recurrence,1,2025,4,16,2025-16,202516,1,2025-04-19 12:45:00.790_C2D BullsEye Prime - Queue 
8156d67f-3540-49f3-b0ec-1038f0d6777b,C2D BullsEye Prime - Queue ,2024-10-19 04:30:29,2025-02-05 07:56:17,Started,Mohammad Asim,2025-04-19 11:45:00.053,2025-04-19 11:45:04.377,Succeeded,Recurrence,Recurrence,1,2025,4,16,2025-16,202516,1,2025-04-19 11:45:00.053_C2D BullsEye Prime - Queue 
8156d67f-3540-49f3-b0ec-1038f0d6777b,C2D BullsEye Prime - Queue ,2024-10-19 04:30:29,2025-02-05 07:56:17,Started,Mohammad Asim,2025-04-19 10:45:00.447,2025-04-19 10:45:04.570,Succeeded,Recurrence,Recurrence,1,2025,4,16,2025-16,202516,1,2025-04-19 10:45:00.447_C2D BullsEye Prime - Queue 
8156d67f-3540-49f3-b0ec-1038f0d6777b,C2D BullsEye Prime - Queue ,2024-10-19 04:30:29,2025-02-05 07:56:17,Started,Mohammad Asim,2025-04-19 09:45:00.043,2025-04-19 09:45:03.793,Succeeded,Recurrence,Recurrence,1,2025,4,16,2025-16,202516,1,2025-04-19 09:45:00.043_C2D BullsEye Prime - Queue 
8156d67f-3540-49f3-b0ec-1038f0d6777b,C2D BullsEye Prime - Queue ,2024-10-19 04:30:29,2025-02-05 07:56:17,Started,Mohammad Asim,2025-04-19 08:45:00.473,2025-04-19 08:45:05.290,Succeeded,Recurrence,Recurrence,1,2025,4,16,2025-16,202516,1,2025-04-19 08:45:00.473_C2D BullsEye Prime - Queue 
8156d67f-3540-49f3-b0ec-1038f0d6777b,C2D BullsEye Prime - Queue ,2024-10-19 04:30:29,2025-02-05 07:56:17,Started,Mohammad Asim,2025-04-19 07:45:00.080,2025-04-19 07:45:09.937,Succeeded,Recurrence,Recurrence,1,2025,4,16,2025-16,202516,1,2025-04-19 07:45:00.080_C2D BullsEye Prime - Queue 
8156d67f-3540-49f3-b0ec-1038f0d6777b,C2D BullsEye Prime - Queue ,2024-10-19 04:30:29,2025-02-05 07:56:17,Started,Mohammad Asim,2025-04-19 06:44:59.867,2025-04-19 06:45:04.543,Succeeded,Recurrence,Recurrence,1,2025,4,16,2025-16,202516,1,2025-04-19 06:44:59.867_C2D BullsEye Prime - Queue 
8156d67f-3540-49f3-b0ec-1038f0d6777b,C2D BullsEye Prime - Queue ,2024-10-19 04:30:29,2025-02-05 07:56:17,Started,Mohammad Asim,2025-04-19 05:44:59.597,2025-04-19 05:45:06.810,Succeeded,Recurrence,Recurrence,1,2025,4,16,2025-16,202516,1,2025-04-19 05:44:59.597_C2D BullsEye Prime - Queue 
8156d67f-3540-49f3-b0ec-1038f0d6777b,C2D BullsEye Prime - Queue ,2024-10-19 04:30:29,2025-02-05 07:56:17,Started,Mohammad Asim,2025-04-19 04:45:00.253,2025-04-19 04:45:06.993,Succeeded,Recurrence,Recurrence,1,2025,4,16,2025-16,202516,1,2025-04-19 04:45:00.253_C2D BullsEye Prime - Queue 
8156d67f-3540-49f3-b0ec-1038f0d6777b,C2D BullsEye Prime - Queue ,2024-10-19 04:30:29,2025-02-05 07:56:17,Started,Mohammad Asim,2025-04-19 03:45:00.423,2025-04-19 03:45:04.880,Succeeded,Recurrence,Recurrence,1,2025,4,16,2025-16,202516,1,2025-04-19 03:45:00.423_C2D BullsEye Prime - Queue 
8156d67f-3540-49f3-b0ec-1038f0d6777b,C2D BullsEye Prime - Queue ,2024-10-19 04:30:29,2025-02-05 07:56:17,Started,Mohammad Asim,2025-04-19 02:45:00.100,2025-04-19 02:45:03.750,Succeeded,Recurrence,Recurrence,1,2025,4,16,2025-16,202516,1,2025-04-19 02:45:00.100_C2D BullsEye Prime - Queue 
8156d67f-3540-49f3-b0ec-1038f0d6777b,C2D BullsEye Prime - Queue ,2024-10-19 04:30:29,2025-02-05 07:56:17,Started,Mohammad Asim,2025-04-19 01:44:59.857,2025-04-19 01:45:04.053,Succeeded,Recurrence,Recurrence,1,2025,4,16,2025-16,202516,1,2025-04-19 01:44:59.857_C2D BullsEye Prime - Queue 
8156d67f-3540-49f3-b0ec-1038f0d6777b,C2D BullsEye Prime - Queue ,2024-10-19 04:30:29,2025-02-05 07:56:17,Started,Mohammad Asim,2025-04-19 00:45:00.507,2025-04-19 00:45:08.590,Succeeded,Recurrence,Recurrence,1,2025,4,16,2025-16,202516,1,2025-04-19 00:45:00.507_C2D BullsEye Prime - Queue 
93708011-97d8-42e3-a86f-b91acfba0cb0,C2D BullsEye Non-Prime - Queue,2024-10-22 09:58:41,2025-02-03 01:09:06,Started,Mohammad Asim,2025-04-19 20:15:00.597,2025-04-19 20:15:04.977,Succeeded,Recurrence,Recurrence,1,2025,4,16,2025-16,202516,1,2025-04-19 20:15:00.597_C2D BullsEye Non-Prime - Queue
93708011-97d8-42e3-a86f-b91acfba0cb0,C2D BullsEye Non-Prime - Queue,2024-10-22 09:58:41,2025-02-03 01:09:06,Started,Mohammad Asim,2025-04-19 19:14:59.827,2025-04-19 19:15:03.680,Succeeded,Recurrence,Recurrence,1,2025,4,16,2025-16,202516,1,2025-04-19 19:14:59.827_C2D BullsEye Non-Prime - Queue
93708011-97d8-42e3-a86f-b91acfba0cb0,C2D BullsEye Non-Prime - Queue,2024-10-22 09:58:41,2025-02-03 01:09:06,Started,Mohammad Asim,2025-04-19 18:14:59.737,2025-04-19 18:15:05.213,Succeeded,Recurrence,Recurrence,1,2025,4,16,2025-16,202516,1,2025-04-19 18:14:59.737_C2D BullsEye Non-Prime - Queue
93708011-97d8-42e3-a86f-b91acfba0cb0,C2D BullsEye Non-Prime - Queue,2024-10-22 09:58:41,2025-02-03 01:09:06,Started,Mohammad Asim,2025-04-19 17:15:00.517,2025-04-19 17:15:05.730,Succeeded,Recurrence,Recurrence,1,2025,4,16,2025-16,202516,1,2025-04-19 17:15:00.517_C2D BullsEye Non-Prime - Queue
93708011-97d8-42e3-a86f-b91acfba0cb0,C2D BullsEye Non-Prime - Queue,2024-10-22 09:58:41,2025-02-03 01:09:06,Started,Mohammad Asim,2025-04-19 16:15:00.117,2025-04-19 16:15:03.960,Succeeded,Recurrence,Recurrence,1,2025,4,16,2025-16,202516,1,2025-04-19 16:15:00.117_C2D BullsEye Non-Prime - Queue
93708011-97d8-42e3-a86f-b91acfba0cb0,C2D BullsEye Non-Prime - Queue,2024-10-22 09:58:41,2025-02-03 01:09:06,Started,Mohammad Asim,2025-04-19 15:14:59.827,2025-04-19 15:15:15.553,Succeeded,Recurrence,Recurrence,1,2025,4,16,2025-16,202516,1,2025-04-19 15:14:59.827_C2D BullsEye Non-Prime - Queue
93708011-97d8-42e3-a86f-b91acfba0cb0,C2D BullsEye Non-Prime - Queue,2024-10-22 09:58:41,2025-02-03 01:09:06,Started,Mohammad Asim,2025-04-19 14:15:00.513,2025-04-19 14:15:05.170,Succeeded,Recurrence,Recurrence,1,2025,4,16,2025-16,202516,1,2025-04-19 14:15:00.513_C2D BullsEye Non-Prime - Queue
93708011-97d8-42e3-a86f-b91acfba0cb0,C2D BullsEye Non-Prime - Queue,2024-10-22 09:58:41,2025-02-03 01:09:06,Started,Mohammad Asim,2025-04-19 13:15:00.020,2025-04-19 13:15:04.080,Succeeded,Recurrence,Recurrence,1,2025,4,16,2025-16,202516,1,2025-04-19 13:15:00.020_C2D BullsEye Non-Prime - Queue
93708011-97d8-42e3-a86f-b91acfba0cb0,C2D BullsEye Non-Prime - Queue,2024-10-22 09:58:41,2025-02-03 01:09:06,Started,Mohammad Asim,2025-04-19 00:14:59.720,2025-04-19 00:15:07.707,Succeeded,Recurrence,Recurrence,1,2025,4,16,2025-16,202516,1,2025-04-19 00:14:59.720_C2D BullsEye Non-Prime - Queue
efe5161d-9c6c-42e0-ae09-c728e93af170,Refresh UOW for LTR Reporting,2024-10-07 16:44:19,2025-02-02 23:00:14,Started,Mohammad Asim,2025-04-19 17:56:00.157,2025-04-19 17:56:11.770,Succeeded,Recurrence,Recurrence,1,2025,4,16,2025-16,202516,1,2025-04-19 17:56:00.157_Refresh UOW for LTR Reporting
efe5161d-9c6c-42e0-ae09-c728e93af170,Refresh UOW for LTR Reporting,2024-10-07 16:44:19,2025-02-02 23:00:14,Started,Mohammad Asim,2025-04-19 16:55:59.920,2025-04-19 16:56:14.987,Succeeded,Recurrence,Recurrence,1,2025,4,16,2025-16,202516,1,2025-04-19 16:55:59.920_Refresh UOW for LTR Reporting
efe5161d-9c6c-42e0-ae09-c728e93af170,Refresh UOW for LTR Reporting,2024-10-07 16:44:19,2025-02-02 23:00:14,Started,Mohammad Asim,2025-04-19 15:56:00.790,2025-04-19 15:56:16.203,Succeeded,Recurrence,Recurrence,1,2025,4,16,2025-16,202516,1,2025-04-19 15:56:00.790_Refresh UOW for LTR Reporting
efe5161d-9c6c-42e0-ae09-c728e93af170,Refresh UOW for LTR Reporting,2024-10-07 16:44:19,2025-02-02 23:00:14,Started,Mohammad Asim,2025-04-19 14:56:00.287,2025-04-19 14:56:13.497,Succeeded,Recurrence,Recurrence,1,2025,4,16,2025-16,202516,1,2025-04-19 14:56:00.287_Refresh UOW for LTR Reporting
efe5161d-9c6c-42e0-ae09-c728e93af170,Refresh UOW for LTR Reporting,2024-10-07 16:44:19,2025-02-02 23:00:14,Started,Mohammad Asim,2025-04-19 13:55:59.947,2025-04-19 13:56:11.513,Succeeded,Recurrence,Recurrence,1,2025,4,16,2025-16,202516,1,2025-04-19 13:55:59.947_Refresh UOW for LTR Reporting
efe5161d-9c6c-42e0-ae09-c728e93af170,Refresh UOW for LTR Reporting,2024-10-07 16:44:19,2025-02-02 23:00:14,Started,Mohammad Asim,2025-04-19 12:55:59.740,2025-04-19 12:56:13.363,Succeeded,Recurrence,Recurrence,1,2025,4,16,2025-16,202516,1,2025-04-19 12:55:59.740_Refresh UOW for LTR Reporting
a990c6c8-c4c1-4c67-a247-66213db141e0,GMV Sales Alert,2024-04-04 14:02:34,2024-07-03 12:48:09,Started,powerautomate06,2025-04-19 16:45:00.263,2025-04-19 16:45:07.803,Succeeded,Recurrence,Recurrence,1,2025,4,16,2025-16,202516,1,2025-04-19 16:45:00.263_GMV Sales Alert
a990c6c8-c4c1-4c67-a247-66213db141e0,GMV Sales Alert,2024-04-04 14:02:34,2024-07-03 12:48:09,Started,powerautomate06,2025-04-19 15:44:59.913,2025-04-19 15:45:13.030,Succeeded,Recurrence,Recurrence,1,2025,4,16,2025-16,202516,1,2025-04-19 15:44:59.913_GMV Sales Alert
a990c6c8-c4c1-4c67-a247-66213db141e0,GMV Sales Alert,2024-04-04 14:02:34,2024-07-03 12:48:09,Started,powerautomate06,2025-04-19 14:45:00.487,2025-04-19 14:45:06.857,Succeeded,Recurrence,Recurrence,1,2025,4,16,2025-16,202516,1,2025-04-19 14:45:00.487_GMV Sales Alert
a990c6c8-c4c1-4c67-a247-66213db141e0,GMV Sales Alert,2024-04-04 14:02:34,2024-07-03 12:48:09,Started,powerautomate06,2025-04-19 13:45:00.260,2025-04-19 13:45:05.997,Succeeded,Recurrence,Recurrence,1,2025,4,16,2025-16,202516,1,2025-04-19 13:45:00.260_GMV Sales Alert
a990c6c8-c4c1-4c67-a247-66213db141e0,GMV Sales Alert,2024-04-04 14:02:34,2024-07-03 12:48:09,Started,powerautomate06,2025-04-19 12:44:59.890,2025-04-19 12:45:12.740,Succeeded,Recurrence,Recurrence,1,2025,4,16,2025-16,202516,1,2025-04-19 12:44:59.890_GMV Sales Alert
a990c6c8-c4c1-4c67-a247-66213db141e0,GMV Sales Alert,2024-04-04 14:02:34,2024-07-03 12:48:09,Started,powerautomate06,2025-04-19 11:45:00.547,2025-04-19 11:45:06.527,Succeeded,Recurrence,Recurrence,1,2025,4,16,2025-16,202516,1,2025-04-19 11:45:00.547_GMV Sales Alert
a990c6c8-c4c1-4c67-a247-66213db141e0,GMV Sales Alert,2024-04-04 14:02:34,2024-07-03 12:48:09,Started,powerautomate06,2025-04-19 10:45:01.010,2025-04-19 10:45:09.510,Succeeded,Recurrence,Recurrence,1,2025,4,16,2025-16,202516,1,2025-04-19 10:45:01.010_GMV Sales Alert
a990c6c8-c4c1-4c67-a247-66213db141e0,GMV Sales Alert,2024-04-04 14:02:34,2024-07-03 12:48:09,Started,powerautomate06,2025-04-19 09:45:00.300,2025-04-19 09:45:07.023,Succeeded,Recurrence,Recurrence,1,2025,4,16,2025-16,202516,1,2025-04-19 09:45:00.300_GMV Sales Alert
a990c6c8-c4c1-4c67-a247-66213db141e0,GMV Sales Alert,2024-04-04 14:02:34,2024-07-03 12:48:09,Started,powerautomate06,2025-04-19 08:44:59.767,2025-04-19 08:45:08.770,Succeeded,Recurrence,Recurrence,1,2025,4,16,2025-16,202516,1,2025-04-19 08:44:59.767_GMV Sales Alert
a990c6c8-c4c1-4c67-a247-66213db141e0,GMV Sales Alert,2024-04-04 14:02:34,2024-07-03 12:48:09,Started,powerautomate06,2025-04-19 20:45:00.530,2025-04-19 20:45:09.350,Succeeded,Recurrence,Recurrence,1,2025,4,16,2025-16,202516,1,2025-04-19 20:45:00.530_GMV Sales Alert
a990c6c8-c4c1-4c67-a247-66213db141e0,GMV Sales Alert,2024-04-04 14:02:34,2024-07-03 12:48:09,Started,powerautomate06,2025-04-19 19:45:00.320,2025-04-19 19:45:13.487,Succeeded,Recurrence,Recurrence,1,2025,4,16,2025-16,202516,1,2025-04-19 19:45:00.320_GMV Sales Alert
a990c6c8-c4c1-4c67-a247-66213db141e0,GMV Sales Alert,2024-04-04 14:02:34,2024-07-03 12:48:09,Started,powerautomate06,2025-04-19 18:44:59.857,2025-04-19 18:45:06.493,Succeeded,Recurrence,Recurrence,1,2025,4,16,2025-16,202516,1,2025-04-19 18:44:59.857_GMV Sales Alert
a990c6c8-c4c1-4c67-a247-66213db141e0,GMV Sales Alert,2024-04-04 14:02:34,2024-07-03 12:48:09,Started,powerautomate06,2025-04-19 17:45:00.550,2025-04-19 17:45:06.240,Succeeded,Recurrence,Recurrence,1,2025,4,16,2025-16,202516,1,2025-04-19 17:45:00.550_GMV Sales Alert
efdda146-3b38-44e1-866e-5eb649acc09d,Premium Turned Off Alerting,2024-03-06 12:57:02,2025-03-05 07:05:22,Started,powerautomate06,2025-04-19 21:00:00.143,2025-04-19 21:00:03.247,Succeeded,Recurrence,Recurrence,1,2025,4,16,2025-16,202516,1,2025-04-19 21:00:00.143_Premium Turned Off Alerting
efdda146-3b38-44e1-866e-5eb649acc09d,Premium Turned Off Alerting,2024-03-06 12:57:02,2025-03-05 07:05:22,Started,powerautomate06,2025-04-19 20:30:00.023,2025-04-19 20:30:03.827,Succeeded,Recurrence,Recurrence,1,2025,4,16,2025-16,202516,1,2025-04-19 20:30:00.023_Premium Turned Off Alerting
efdda146-3b38-44e1-866e-5eb649acc09d,Premium Turned Off Alerting,2024-03-06 12:57:02,2025-03-05 07:05:22,Started,powerautomate06,2025-04-19 20:00:00.500,2025-04-19 20:00:03.293,Succeeded,Recurrence,Recurrence,1,2025,4,16,2025-16,202516,1,2025-04-19 20:00:00.500_Premium Turned Off Alerting
efdda146-3b38-44e1-866e-5eb649acc09d,Premium Turned Off Alerting,2024-03-06 12:57:02,2025-03-05 07:05:22,Started,powerautomate06,2025-04-19 19:30:00.160,2025-04-19 19:30:03.970,Succeeded,Recurrence,Recurrence,1,2025,4,16,2025-16,202516,1,2025-04-19 19:30:00.160_Premium Turned Off Alerting
efdda146-3b38-44e1-866e-5eb649acc09d,Premium Turned Off Alerting,2024-03-06 12:57:02,2025-03-05 07:05:22,Started,powerautomate06,2025-04-19 19:00:01.047,2025-04-19 19:00:07.037,Succeeded,Recurrence,Recurrence,1,2025,4,16,2025-16,202516,1,2025-04-19 19:00:01.047_Premium Turned Off Alerting
efdda146-3b38-44e1-866e-5eb649acc09d,Premium Turned Off Alerting,2024-03-06 12:57:02,2025-03-05 07:05:22,Started,powerautomate06,2025-04-19 18:30:00.367,2025-04-19 18:30:02.500,Succeeded,Recurrence,Recurrence,1,2025,4,16,2025-16,202516,1,2025-04-19 18:30:00.367_Premium Turned Off Alerting
efdda146-3b38-44e1-866e-5eb649acc09d,Premium Turned Off Alerting,2024-03-06 12:57:02,2025-03-05 07:05:22,Started,powerautomate06,2025-04-19 18:00:00.210,2025-04-19 18:00:04.167,Succeeded,Recurrence,Recurrence,1,2025,4,16,2025-16,202516,1,2025-04-19 18:00:00.210_Premium Turned Off Alerting
efdda146-3b38-44e1-866e-5eb649acc09d,Premium Turned Off Alerting,2024-03-06 12:57:02,2025-03-05 07:05:22,Started,powerautomate06,2025-04-19 17:30:00.060,2025-04-19 17:30:01.870,Succeeded,Recurrence,Recurrence,1,2025,4,16,2025-16,202516,1,2025-04-19 17:30:00.060_Premium Turned Off Alerting
efdda146-3b38-44e1-866e-5eb649acc09d,Premium Turned Off Alerting,2024-03-06 12:57:02,2025-03-05 07:05:22,Started,powerautomate06,2025-04-19 16:59:59.767,2025-04-19 17:00:02.093,Succeeded,Recurrence,Recurrence,1,2025,4,16,2025-16,202516,1,2025-04-19 16:59:59.767_Premium Turned Off Alerting
efdda146-3b38-44e1-866e-5eb649acc09d,Premium Turned Off Alerting,2024-03-06 12:57:02,2025-03-05 07:05:22,Started,powerautomate06,2025-04-19 16:30:00.590,2025-04-19 16:30:04.780,Succeeded,Recurrence,Recurrence,1,2025,4,16,2025-16,202516,1,2025-04-19 16:30:00.590_Premium Turned Off Alerting
efdda146-3b38-44e1-866e-5eb649acc09d,Premium Turned Off Alerting,2024-03-06 12:57:02,2025-03-05 07:05:22,Started,powerautomate06,2025-04-19 16:00:00.323,2025-04-19 16:00:17.087,Succeeded,Recurrence,Recurrence,1,2025,4,16,2025-16,202516,1,2025-04-19 16:00:00.323_Premium Turned Off Alerting
efdda146-3b38-44e1-866e-5eb649acc09d,Premium Turned Off Alerting,2024-03-06 12:57:02,2025-03-05 07:05:22,Started,powerautomate06,2025-04-19 15:30:00.210,2025-04-19 15:30:02.373,Succeeded,Recurrence,Recurrence,1,2025,4,16,2025-16,202516,1,2025-04-19 15:30:00.210_Premium Turned Off Alerting
efdda146-3b38-44e1-866e-5eb649acc09d,Premium Turned Off Alerting,2024-03-06 12:57:02,2025-03-05 07:05:22,Started,powerautomate06,2025-04-19 15:00:00.210,2025-04-19 15:00:06.247,Succeeded,Recurrence,Recurrence,1,2025,4,16,2025-16,202516,1,2025-04-19 15:00:00.210_Premium Turned Off Alerting
efdda146-3b38-44e1-866e-5eb649acc09d,Premium Turned Off Alerting,2024-03-06 12:57:02,2025-03-05 07:05:22,Started,powerautomate06,2025-04-19 14:29:59.900,2025-04-19 14:30:01.980,Succeeded,Recurrence,Recurrence,1,2025,4,16,2025-16,202516,1,2025-04-19 14:29:59.900_Premium Turned Off Alerting
efdda146-3b38-44e1-866e-5eb649acc09d,Premium Turned Off Alerting,2024-03-06 12:57:02,2025-03-05 07:05:22,Started,powerautomate06,2025-04-19 13:59:59.827,2025-04-19 14:00:01.940,Succeeded,Recurrence,Recurrence,1,2025,4,16,2025-16,202516,1,2025-04-19 13:59:59.827_Premium Turned Off Alerting
efdda146-3b38-44e1-866e-5eb649acc09d,Premium Turned Off Alerting,2024-03-06 12:57:02,2025-03-05 07:05:22,Started,powerautomate06,2025-04-19 13:30:00.617,2025-04-19 13:30:04.123,Succeeded,Recurrence,Recurrence,1,2025,4,16,2025-16,202516,1,2025-04-19 13:30:00.617_Premium Turned Off Alerting
efdda146-3b38-44e1-866e-5eb649acc09d,Premium Turned Off Alerting,2024-03-06 12:57:02,2025-03-05 07:05:22,Started,powerautomate06,2025-04-19 13:00:00.053,2025-04-19 13:00:06.040,Succeeded,Recurrence,Recurrence,1,2025,4,16,2025-16,202516,1,2025-04-19 13:00:00.053_Premium Turned Off Alerting
efdda146-3b38-44e1-866e-5eb649acc09d,Premium Turned Off Alerting,2024-03-06 12:57:02,2025-03-05 07:05:22,Started,powerautomate06,2025-04-19 12:30:00.677,2025-04-19 12:30:03.933,Succeeded,Recurrence,Recurrence,1,2025,4,16,2025-16,202516,1,2025-04-19 12:30:00.677_Premium Turned Off Alerting
efdda146-3b38-44e1-866e-5eb649acc09d,Premium Turned Off Alerting,2024-03-06 12:57:02,2025-03-05 07:05:22,Started,powerautomate06,2025-04-19 12:00:00.087,2025-04-19 12:00:10.687,Succeeded,Recurrence,Recurrence,1,2025,4,16,2025-16,202516,1,2025-04-19 12:00:00.087_Premium Turned Off Alerting
efdda146-3b38-44e1-866e-5eb649acc09d,Premium Turned Off Alerting,2024-03-06 12:57:02,2025-03-05 07:05:22,Started,powerautomate06,2025-04-19 11:29:59.673,2025-04-19 11:30:03.360,Succeeded,Recurrence,Recurrence,1,2025,4,16,2025-16,202516,1,2025-04-19 11:29:59.673_Premium Turned Off Alerting
efdda146-3b38-44e1-866e-5eb649acc09d,Premium Turned Off Alerting,2024-03-06 12:57:02,2025-03-05 07:05:22,Started,powerautomate06,2025-04-19 11:00:01.297,2025-04-19 11:00:21.607,Succeeded,Recurrence,Recurrence,1,2025,4,16,2025-16,202516,1,2025-04-19 11:00:01.297_Premium Turned Off Alerting
efdda146-3b38-44e1-866e-5eb649acc09d,Premium Turned Off Alerting,2024-03-06 12:57:02,2025-03-05 07:05:22,Started,powerautomate06,2025-04-19 10:30:01.113,2025-04-19 10:30:05.437,Succeeded,Recurrence,Recurrence,1,2025,4,16,2025-16,202516,1,2025-04-19 10:30:01.113_Premium Turned Off Alerting
efdda146-3b38-44e1-866e-5eb649acc09d,Premium Turned Off Alerting,2024-03-06 12:57:02,2025-03-05 07:05:22,Started,powerautomate06,2025-04-19 10:00:02.657,2025-04-19 10:00:46.973,Succeeded,Recurrence,Recurrence,1,2025,4,16,2025-16,202516,1,2025-04-19 10:00:02.657_Premium Turned Off Alerting
efdda146-3b38-44e1-866e-5eb649acc09d,Premium Turned Off Alerting,2024-03-06 12:57:02,2025-03-05 07:05:22,Started,powerautomate06,2025-04-19 09:29:59.957,2025-04-19 09:30:02.107,Succeeded,Recurrence,Recurrence,1,2025,4,16,2025-16,202516,1,2025-04-19 09:29:59.957_Premium Turned Off Alerting
efdda146-3b38-44e1-866e-5eb649acc09d,Premium Turned Off Alerting,2024-03-06 12:57:02,2025-03-05 07:05:22,Started,powerautomate06,2025-04-19 09:00:04.550,2025-04-19 09:00:40.220,Succeeded,Recurrence,Recurrence,1,2025,4,16,2025-16,202516,1,2025-04-19 09:00:04.550_Premium Turned Off Alerting
efdda146-3b38-44e1-866e-5eb649acc09d,Premium Turned Off Alerting,2024-03-06 12:57:02,2025-03-05 07:05:22,Started,powerautomate06,2025-04-19 08:29:59.903,2025-04-19 08:30:03.670,Succeeded,Recurrence,Recurrence,1,2025,4,16,2025-16,202516,1,2025-04-19 08:29:59.903_Premium Turned Off Alerting
efdda146-3b38-44e1-866e-5eb649acc09d,Premium Turned Off Alerting,2024-03-06 12:57:02,2025-03-05 07:05:22,Started,powerautomate06,2025-04-19 08:00:01.427,2025-04-19 08:00:44.287,Succeeded,Recurrence,Recurrence,1,2025,4,16,2025-16,202516,1,2025-04-19 08:00:01.427_Premium Turned Off Alerting
efdda146-3b38-44e1-866e-5eb649acc09d,Premium Turned Off Alerting,2024-03-06 12:57:02,2025-03-05 07:05:22,Started,powerautomate06,2025-04-19 07:29:59.967,2025-04-19 07:30:03.663,Succeeded,Recurrence,Recurrence,1,2025,4,16,2025-16,202516,1,2025-04-19 07:29:59.967_Premium Turned Off Alerting
efdda146-3b38-44e1-866e-5eb649acc09d,Premium Turned Off Alerting,2024-03-06 12:57:02,2025-03-05 07:05:22,Started,powerautomate06,2025-04-19 07:00:00.953,2025-04-19 07:01:21.410,Succeeded,Recurrence,Recurrence,1,2025,4,16,2025-16,202516,1,2025-04-19 07:00:00.953_Premium Turned Off Alerting
efdda146-3b38-44e1-866e-5eb649acc09d,Premium Turned Off Alerting,2024-03-06 12:57:02,2025-03-05 07:05:22,Started,powerautomate06,2025-04-19 06:30:00.443,2025-04-19 06:30:03.117,Succeeded,Recurrence,Recurrence,1,2025,4,16,2025-16,202516,1,2025-04-19 06:30:00.443_Premium Turned Off Alerting
efdda146-3b38-44e1-866e-5eb649acc09d,Premium Turned Off Alerting,2024-03-06 12:57:02,2025-03-05 07:05:22,Started,powerautomate06,2025-04-19 06:00:00.237,2025-04-19 06:00:05.297,Succeeded,Recurrence,Recurrence,1,2025,4,16,2025-16,202516,1,2025-04-19 06:00:00.237_Premium Turned Off Alerting
68cc20e2-5d9d-4157-b116-4a11e3d3b4d0,AmazonBrand_KeywordSearch_Historical_SVC05_v1,2024-04-15 11:35:37,2025-04-04 23:59:36,Started,Ryan Kieselhorst,2025-04-19 15:14:59.977,2025-04-19 16:15:57.190,Failed,Recurrence,Recurrence,0,2025,4,16,2025-16,202516,0,2025-04-19 15:14:59.977_AmazonBrand_KeywordSearch_Historical_SVC05_v1
68cc20e2-5d9d-4157-b116-4a11e3d3b4d0,AmazonBrand_KeywordSearch_Historical_SVC05_v1,2024-04-15 11:35:37,2025-04-04 23:59:36,Started,Ryan Kieselhorst,2025-04-19 03:15:00.560,2025-04-19 04:15:45.370,Failed,Recurrence,Recurrence,0,2025,4,16,2025-16,202516,0,2025-04-19 03:15:00.560_AmazonBrand_KeywordSearch_Historical_SVC05_v1
d43d24fa-ba72-4f4f-bf7e-0cfbdfb538fb,C2D / OTD Alerting,2024-01-25 13:59:33,2024-08-21 10:22:34,Started,Colin Boyle,2025-04-19 12:00:00.163,2025-04-19 12:00:37.590,Succeeded,Recurrence,Recurrence,1,2025,4,16,2025-16,202516,1,2025-04-19 12:00:00.163_C2D / OTD Alerting
545ce983-62d0-4bcc-be6a-b86b1fbbfb09,SQL Insert - C2D Top100 ASIN,2025-01-31 10:38:18,2025-03-26 04:09:26,Started,Mohammad Asim,2025-04-19 02:00:00.067,2025-04-19 02:01:54.910,Succeeded,Recurrence,Recurrence,1,2025,4,16,2025-16,202516,1,2025-04-19 02:00:00.067_SQL Insert - C2D Top100 ASIN
72b97fe9-eda2-4510-979e-1592f42e4ba3,Chan_P_ConvertPriceAuto_SVC03_v1 RK - TEST,2025-03-05 15:36:36,2025-03-12 02:38:48,Started,powerautomate03 serviceaccount,2025-04-19 21:22:00.223,2025-04-19 21:26:58.803,Succeeded,Recurrence,Recurrence,1,2025,4,16,2025-16,202516,1,2025-04-19 21:22:00.223_Chan_P_ConvertPriceAuto_SVC03_v1 RK - TEST
72b97fe9-eda2-4510-979e-1592f42e4ba3,Chan_P_ConvertPriceAuto_SVC03_v1 RK - TEST,2025-03-05 15:36:36,2025-03-12 02:38:48,Started,powerautomate03 serviceaccount,2025-04-19 20:21:59.997,2025-04-19 20:26:50.223,Succeeded,Recurrence,Recurrence,1,2025,4,16,2025-16,202516,1,2025-04-19 20:21:59.997_Chan_P_ConvertPriceAuto_SVC03_v1 RK - TEST
72b97fe9-eda2-4510-979e-1592f42e4ba3,Chan_P_ConvertPriceAuto_SVC03_v1 RK - TEST,2025-03-05 15:36:36,2025-03-12 02:38:48,Started,powerautomate03 serviceaccount,2025-04-19 19:22:00.573,2025-04-19 19:27:10.810,Succeeded,Recurrence,Recurrence,1,2025,4,16,2025-16,202516,1,2025-04-19 19:22:00.573_Chan_P_ConvertPriceAuto_SVC03_v1 RK - TEST
72b97fe9-eda2-4510-979e-1592f42e4ba3,Chan_P_ConvertPriceAuto_SVC03_v1 RK - TEST,2025-03-05 15:36:36,2025-03-12 02:38:48,Started,powerautomate03 serviceaccount,2025-04-19 18:22:00.117,2025-04-19 18:26:52.793,Succeeded,Recurrence,Recurrence,1,2025,4,16,2025-16,202516,1,2025-04-19 18:22:00.117_Chan_P_ConvertPriceAuto_SVC03_v1 RK - TEST
72b97fe9-eda2-4510-979e-1592f42e4ba3,Chan_P_ConvertPriceAuto_SVC03_v1 RK - TEST,2025-03-05 15:36:36,2025-03-12 02:38:48,Started,powerautomate03 serviceaccount,2025-04-19 17:22:00.630,2025-04-19 17:26:34.057,Succeeded,Recurrence,Recurrence,1,2025,4,16,2025-16,202516,1,2025-04-19 17:22:00.630_Chan_P_ConvertPriceAuto_SVC03_v1 RK - TEST
72b97fe9-eda2-4510-979e-1592f42e4ba3,Chan_P_ConvertPriceAuto_SVC03_v1 RK - TEST,2025-03-05 15:36:36,2025-03-12 02:38:48,Started,powerautomate03 serviceaccount,2025-04-19 16:22:00.200,2025-04-19 16:26:32.287,Succeeded,Recurrence,Recurrence,1,2025,4,16,2025-16,202516,1,2025-04-19 16:22:00.200_Chan_P_ConvertPriceAuto_SVC03_v1 RK - TEST
72b97fe9-eda2-4510-979e-1592f42e4ba3,Chan_P_ConvertPriceAuto_SVC03_v1 RK - TEST,2025-03-05 15:36:36,2025-03-12 02:38:48,Started,powerautomate03 serviceaccount,2025-04-19 15:22:00.777,2025-04-19 15:26:47.650,Succeeded,Recurrence,Recurrence,1,2025,4,16,2025-16,202516,1,2025-04-19 15:22:00.777_Chan_P_ConvertPriceAuto_SVC03_v1 RK - TEST
72b97fe9-eda2-4510-979e-1592f42e4ba3,Chan_P_ConvertPriceAuto_SVC03_v1 RK - TEST,2025-03-05 15:36:36,2025-03-12 02:38:48,Started,powerautomate03 serviceaccount,2025-04-19 14:22:00.273,2025-04-19 14:27:00.213,Succeeded,Recurrence,Recurrence,1,2025,4,16,2025-16,202516,1,2025-04-19 14:22:00.273_Chan_P_ConvertPriceAuto_SVC03_v1 RK - TEST
72b97fe9-eda2-4510-979e-1592f42e4ba3,Chan_P_ConvertPriceAuto_SVC03_v1 RK - TEST,2025-03-05 15:36:36,2025-03-12 02:38:48,Started,powerautomate03 serviceaccount,2025-04-19 13:22:00.077,2025-04-19 13:26:35.413,Succeeded,Recurrence,Recurrence,1,2025,4,16,2025-16,202516,1,2025-04-19 13:22:00.077_Chan_P_ConvertPriceAuto_SVC03_v1 RK - TEST
72b97fe9-eda2-4510-979e-1592f42e4ba3,Chan_P_ConvertPriceAuto_SVC03_v1 RK - TEST,2025-03-05 15:36:36,2025-03-12 02:38:48,Started,powerautomate03 serviceaccount,2025-04-19 12:21:59.853,2025-04-19 12:26:40.977,Succeeded,Recurrence,Recurrence,1,2025,4,16,2025-16,202516,1,2025-04-19 12:21:59.853_Chan_P_ConvertPriceAuto_SVC03_v1 RK - TEST
72b97fe9-eda2-4510-979e-1592f42e4ba3,Chan_P_ConvertPriceAuto_SVC03_v1 RK - TEST,2025-03-05 15:36:36,2025-03-12 02:38:48,Started,powerautomate03 serviceaccount,2025-04-19 11:22:00.450,2025-04-19 11:26:36.153,Succeeded,Recurrence,Recurrence,1,2025,4,16,2025-16,202516,1,2025-04-19 11:22:00.450_Chan_P_ConvertPriceAuto_SVC03_v1 RK - TEST
72b97fe9-eda2-4510-979e-1592f42e4ba3,Chan_P_ConvertPriceAuto_SVC03_v1 RK - TEST,2025-03-05 15:36:36,2025-03-12 02:38:48,Started,powerautomate03 serviceaccount,2025-04-19 10:22:00.327,2025-04-19 10:26:41.373,Succeeded,Recurrence,Recurrence,1,2025,4,16,2025-16,202516,1,2025-04-19 10:22:00.327_Chan_P_ConvertPriceAuto_SVC03_v1 RK - TEST
72b97fe9-eda2-4510-979e-1592f42e4ba3,Chan_P_ConvertPriceAuto_SVC03_v1 RK - TEST,2025-03-05 15:36:36,2025-03-12 02:38:48,Started,powerautomate03 serviceaccount,2025-04-19 09:21:59.910,2025-04-19 09:26:23.797,Succeeded,Recurrence,Recurrence,1,2025,4,16,2025-16,202516,1,2025-04-19 09:21:59.910_Chan_P_ConvertPriceAuto_SVC03_v1 RK - TEST
72b97fe9-eda2-4510-979e-1592f42e4ba3,Chan_P_ConvertPriceAuto_SVC03_v1 RK - TEST,2025-03-05 15:36:36,2025-03-12 02:38:48,Started,powerautomate03 serviceaccount,2025-04-19 08:22:00.320,2025-04-19 08:27:11.550,Succeeded,Recurrence,Recurrence,1,2025,4,16,2025-16,202516,1,2025-04-19 08:22:00.320_Chan_P_ConvertPriceAuto_SVC03_v1 RK - TEST
72b97fe9-eda2-4510-979e-1592f42e4ba3,Chan_P_ConvertPriceAuto_SVC03_v1 RK - TEST,2025-03-05 15:36:36,2025-03-12 02:38:48,Started,powerautomate03 serviceaccount,2025-04-19 07:22:00.800,2025-04-19 07:26:27.080,Succeeded,Recurrence,Recurrence,1,2025,4,16,2025-16,202516,1,2025-04-19 07:22:00.800_Chan_P_ConvertPriceAuto_SVC03_v1 RK - TEST
72b97fe9-eda2-4510-979e-1592f42e4ba3,Chan_P_ConvertPriceAuto_SVC03_v1 RK - TEST,2025-03-05 15:36:36,2025-03-12 02:38:48,Started,powerautomate03 serviceaccount,2025-04-19 06:22:00.287,2025-04-19 06:26:53.630,Succeeded,Recurrence,Recurrence,1,2025,4,16,2025-16,202516,1,2025-04-19 06:22:00.287_Chan_P_ConvertPriceAuto_SVC03_v1 RK - TEST
72b97fe9-eda2-4510-979e-1592f42e4ba3,Chan_P_ConvertPriceAuto_SVC03_v1 RK - TEST,2025-03-05 15:36:36,2025-03-12 02:38:48,Started,powerautomate03 serviceaccount,2025-04-19 05:22:00.043,2025-04-19 05:26:25.680,Succeeded,Recurrence,Recurrence,1,2025,4,16,2025-16,202516,1,2025-04-19 05:22:00.043_Chan_P_ConvertPriceAuto_SVC03_v1 RK - TEST
72b97fe9-eda2-4510-979e-1592f42e4ba3,Chan_P_ConvertPriceAuto_SVC03_v1 RK - TEST,2025-03-05 15:36:36,2025-03-12 02:38:48,Started,powerautomate03 serviceaccount,2025-04-19 04:22:00.573,2025-04-19 04:26:48.043,Succeeded,Recurrence,Recurrence,1,2025,4,16,2025-16,202516,1,2025-04-19 04:22:00.573_Chan_P_ConvertPriceAuto_SVC03_v1 RK - TEST
72b97fe9-eda2-4510-979e-1592f42e4ba3,Chan_P_ConvertPriceAuto_SVC03_v1 RK - TEST,2025-03-05 15:36:36,2025-03-12 02:38:48,Started,powerautomate03 serviceaccount,2025-04-19 03:22:00.157,2025-04-19 03:26:45.743,Succeeded,Recurrence,Recurrence,1,2025,4,16,2025-16,202516,1,2025-04-19 03:22:00.157_Chan_P_ConvertPriceAuto_SVC03_v1 RK - TEST
72b97fe9-eda2-4510-979e-1592f42e4ba3,Chan_P_ConvertPriceAuto_SVC03_v1 RK - TEST,2025-03-05 15:36:36,2025-03-12 02:38:48,Started,powerautomate03 serviceaccount,2025-04-19 02:22:00.210,2025-04-19 02:26:42.397,Succeeded,Recurrence,Recurrence,1,2025,4,16,2025-16,202516,1,2025-04-19 02:22:00.210_Chan_P_ConvertPriceAuto_SVC03_v1 RK - TEST
72b97fe9-eda2-4510-979e-1592f42e4ba3,Chan_P_ConvertPriceAuto_SVC03_v1 RK - TEST,2025-03-05 15:36:36,2025-03-12 02:38:48,Started,powerautomate03 serviceaccount,2025-04-19 01:22:00.620,2025-04-19 01:27:00.680,Succeeded,Recurrence,Recurrence,1,2025,4,16,2025-16,202516,1,2025-04-19 01:22:00.620_Chan_P_ConvertPriceAuto_SVC03_v1 RK - TEST
72b97fe9-eda2-4510-979e-1592f42e4ba3,Chan_P_ConvertPriceAuto_SVC03_v1 RK - TEST,2025-03-05 15:36:36,2025-03-12 02:38:48,Started,powerautomate03 serviceaccount,2025-04-19 00:22:00.320,2025-04-19 00:26:51.450,Succeeded,Recurrence,Recurrence,1,2025,4,16,2025-16,202516,1,2025-04-19 00:22:00.320_Chan_P_ConvertPriceAuto_SVC03_v1 RK - TEST
868bb74c-8764-4ba4-b5f6-aee56889fcd4,C2D Prime Top100 ASINs - Queue,2025-01-31 09:01:11,2025-04-14 04:33:56,Started,Mohammad Asim,2025-04-19 07:10:00.200,2025-04-19 07:10:06.110,Succeeded,Recurrence,Recurrence,1,2025,4,16,2025-16,202516,1,2025-04-19 07:10:00.200_C2D Prime Top100 ASINs - Queue
868bb74c-8764-4ba4-b5f6-aee56889fcd4,C2D Prime Top100 ASINs - Queue,2025-01-31 09:01:11,2025-04-14 04:33:56,Started,Mohammad Asim,2025-04-19 06:10:00.547,2025-04-19 06:10:10.663,Succeeded,Recurrence,Recurrence,1,2025,4,16,2025-16,202516,1,2025-04-19 06:10:00.547_C2D Prime Top100 ASINs - Queue
868bb74c-8764-4ba4-b5f6-aee56889fcd4,C2D Prime Top100 ASINs - Queue,2025-01-31 09:01:11,2025-04-14 04:33:56,Started,Mohammad Asim,2025-04-19 05:10:00.220,2025-04-19 05:10:04.550,Succeeded,Recurrence,Recurrence,1,2025,4,16,2025-16,202516,1,2025-04-19 05:10:00.220_C2D Prime Top100 ASINs - Queue
868bb74c-8764-4ba4-b5f6-aee56889fcd4,C2D Prime Top100 ASINs - Queue,2025-01-31 09:01:11,2025-04-14 04:33:56,Started,Mohammad Asim,2025-04-19 04:09:59.960,2025-04-19 04:10:04.113,Succeeded,Recurrence,Recurrence,1,2025,4,16,2025-16,202516,1,2025-04-19 04:09:59.960_C2D Prime Top100 ASINs - Queue
868bb74c-8764-4ba4-b5f6-aee56889fcd4,C2D Prime Top100 ASINs - Queue,2025-01-31 09:01:11,2025-04-14 04:33:56,Started,Mohammad Asim,2025-04-19 03:09:59.763,2025-04-19 03:21:16.890,Succeeded,Recurrence,Recurrence,1,2025,4,16,2025-16,202516,1,2025-04-19 03:09:59.763_C2D Prime Top100 ASINs - Queue
868bb74c-8764-4ba4-b5f6-aee56889fcd4,C2D Prime Top100 ASINs - Queue,2025-01-31 09:01:11,2025-04-14 04:33:56,Started,Mohammad Asim,2025-04-19 02:10:00.287,2025-04-19 02:50:23.603,Succeeded,Recurrence,Recurrence,1,2025,4,16,2025-16,202516,1,2025-04-19 02:10:00.287_C2D Prime Top100 ASINs - Queue
e2123236-3cec-4f5b-b2b6-2f776bbdf1dd,Bullseye Queue Runner,2024-11-14 10:04:22,2025-02-05 13:21:34,Started,Mohammad Asim,2025-04-19 05:40:00.857,2025-04-19 05:40:56.483,Succeeded,Recurrence,Recurrence,1,2025,4,16,2025-16,202516,1,2025-04-19 05:40:00.857_Bullseye Queue Runner
e2123236-3cec-4f5b-b2b6-2f776bbdf1dd,Bullseye Queue Runner,2024-11-14 10:04:22,2025-02-05 13:21:34,Started,Mohammad Asim,2025-04-19 04:40:00.333,2025-04-19 04:40:59.650,Succeeded,Recurrence,Recurrence,1,2025,4,16,2025-16,202516,1,2025-04-19 04:40:00.333_Bullseye Queue Runner
e2123236-3cec-4f5b-b2b6-2f776bbdf1dd,Bullseye Queue Runner,2024-11-14 10:04:22,2025-02-05 13:21:34,Started,Mohammad Asim,2025-04-19 03:39:59.940,2025-04-19 03:40:57.963,Succeeded,Recurrence,Recurrence,1,2025,4,16,2025-16,202516,1,2025-04-19 03:39:59.940_Bullseye Queue Runner
e2123236-3cec-4f5b-b2b6-2f776bbdf1dd,Bullseye Queue Runner,2024-11-14 10:04:22,2025-02-05 13:21:34,Started,Mohammad Asim,2025-04-19 02:40:00.690,2025-04-19 02:51:40.520,Succeeded,Recurrence,Recurrence,1,2025,4,16,2025-16,202516,1,2025-04-19 02:40:00.690_Bullseye Queue Runner
e2123236-3cec-4f5b-b2b6-2f776bbdf1dd,Bullseye Queue Runner,2024-11-14 10:04:22,2025-02-05 13:21:34,Started,Mohammad Asim,2025-04-19 01:40:00.310,2025-04-19 01:41:02.770,Succeeded,Recurrence,Recurrence,1,2025,4,16,2025-16,202516,1,2025-04-19 01:40:00.310_Bullseye Queue Runner
e2123236-3cec-4f5b-b2b6-2f776bbdf1dd,Bullseye Queue Runner,2024-11-14 10:04:22,2025-02-05 13:21:34,Started,Mohammad Asim,2025-04-19 00:40:00.080,2025-04-19 00:41:02.097,Succeeded,Recurrence,Recurrence,1,2025,4,16,2025-16,202516,1,2025-04-19 00:40:00.080_Bullseye Queue Runner
b8b881fb-359f-4acb-aeb5-514cf68ecf83,Amazon Scrape Promotion Price,2024-11-27 07:35:22,2025-03-27 12:14:09,Started,Mohammad Asim,2025-04-19 14:00:00.133,2025-04-19 14:14:14.597,Succeeded,Recurrence,Recurrence,1,2025,4,16,2025-16,202516,1,2025-04-19 14:00:00.133_Amazon Scrape Promotion Price
b8b881fb-359f-4acb-aeb5-514cf68ecf83,Amazon Scrape Promotion Price,2024-11-27 07:35:22,2025-03-27 12:14:09,Started,Mohammad Asim,2025-04-19 08:00:04.083,2025-04-19 10:08:20.557,Succeeded,Recurrence,Recurrence,1,2025,4,16,2025-16,202516,1,2025-04-19 08:00:04.083_Amazon Scrape Promotion Price
e2123236-3cec-4f5b-b2b6-2f776bbdf1dd,Bullseye Queue Runner,2024-11-14 10:04:22,2025-02-05 13:21:34,Started,Mohammad Asim,2025-04-19 21:40:00.237,2025-04-19 21:40:57.680,Succeeded,Recurrence,Recurrence,1,2025,4,16,2025-16,202516,1,2025-04-19 21:40:00.237_Bullseye Queue Runner
e2123236-3cec-4f5b-b2b6-2f776bbdf1dd,Bullseye Queue Runner,2024-11-14 10:04:22,2025-02-05 13:21:34,Started,Mohammad Asim,2025-04-19 20:40:00.483,2025-04-19 20:40:59.220,Succeeded,Recurrence,Recurrence,1,2025,4,16,2025-16,202516,1,2025-04-19 20:40:00.483_Bullseye Queue Runner
e2123236-3cec-4f5b-b2b6-2f776bbdf1dd,Bullseye Queue Runner,2024-11-14 10:04:22,2025-02-05 13:21:34,Started,Mohammad Asim,2025-04-19 19:40:00.190,2025-04-19 19:40:58.523,Succeeded,Recurrence,Recurrence,1,2025,4,16,2025-16,202516,1,2025-04-19 19:40:00.190_Bullseye Queue Runner
e2123236-3cec-4f5b-b2b6-2f776bbdf1dd,Bullseye Queue Runner,2024-11-14 10:04:22,2025-02-05 13:21:34,Started,Mohammad Asim,2025-04-19 18:40:00.007,2025-04-19 18:41:03.773,Succeeded,Recurrence,Recurrence,1,2025,4,16,2025-16,202516,1,2025-04-19 18:40:00.007_Bullseye Queue Runner
e2123236-3cec-4f5b-b2b6-2f776bbdf1dd,Bullseye Queue Runner,2024-11-14 10:04:22,2025-02-05 13:21:34,Started,Mohammad Asim,2025-04-19 17:40:00.580,2025-04-19 17:40:58.953,Succeeded,Recurrence,Recurrence,1,2025,4,16,2025-16,202516,1,2025-04-19 17:40:00.580_Bullseye Queue Runner
e2123236-3cec-4f5b-b2b6-2f776bbdf1dd,Bullseye Queue Runner,2024-11-14 10:04:22,2025-02-05 13:21:34,Started,Mohammad Asim,2025-04-19 16:40:00.440,2025-04-19 16:40:59.950,Succeeded,Recurrence,Recurrence,1,2025,4,16,2025-16,202516,1,2025-04-19 16:40:00.440_Bullseye Queue Runner
e2123236-3cec-4f5b-b2b6-2f776bbdf1dd,Bullseye Queue Runner,2024-11-14 10:04:22,2025-02-05 13:21:34,Started,Mohammad Asim,2025-04-19 15:40:00.080,2025-04-19 15:40:58.140,Succeeded,Recurrence,Recurrence,1,2025,4,16,2025-16,202516,1,2025-04-19 15:40:00.080_Bullseye Queue Runner
e2123236-3cec-4f5b-b2b6-2f776bbdf1dd,Bullseye Queue Runner,2024-11-14 10:04:22,2025-02-05 13:21:34,Started,Mohammad Asim,2025-04-19 14:39:59.787,2025-04-19 14:41:03.800,Succeeded,Recurrence,Recurrence,1,2025,4,16,2025-16,202516,1,2025-04-19 14:39:59.787_Bullseye Queue Runner
e2123236-3cec-4f5b-b2b6-2f776bbdf1dd,Bullseye Queue Runner,2024-11-14 10:04:22,2025-02-05 13:21:34,Started,Mohammad Asim,2025-04-19 13:40:00.413,2025-04-19 13:41:18.423,Succeeded,Recurrence,Recurrence,1,2025,4,16,2025-16,202516,1,2025-04-19 13:40:00.413_Bullseye Queue Runner
e2123236-3cec-4f5b-b2b6-2f776bbdf1dd,Bullseye Queue Runner,2024-11-14 10:04:22,2025-02-05 13:21:34,Started,Mohammad Asim,2025-04-19 12:40:00.257,2025-04-19 12:41:02.223,Succeeded,Recurrence,Recurrence,1,2025,4,16,2025-16,202516,1,2025-04-19 12:40:00.257_Bullseye Queue Runner
e2123236-3cec-4f5b-b2b6-2f776bbdf1dd,Bullseye Queue Runner,2024-11-14 10:04:22,2025-02-05 13:21:34,Started,Mohammad Asim,2025-04-19 11:39:59.887,2025-04-19 11:40:58.213,Succeeded,Recurrence,Recurrence,1,2025,4,16,2025-16,202516,1,2025-04-19 11:39:59.887_Bullseye Queue Runner
e2123236-3cec-4f5b-b2b6-2f776bbdf1dd,Bullseye Queue Runner,2024-11-14 10:04:22,2025-02-05 13:21:34,Started,Mohammad Asim,2025-04-19 10:40:00.633,2025-04-19 10:40:57.333,Succeeded,Recurrence,Recurrence,1,2025,4,16,2025-16,202516,1,2025-04-19 10:40:00.633_Bullseye Queue Runner
e2123236-3cec-4f5b-b2b6-2f776bbdf1dd,Bullseye Queue Runner,2024-11-14 10:04:22,2025-02-05 13:21:34,Started,Mohammad Asim,2025-04-19 09:40:00.120,2025-04-19 09:40:57.533,Succeeded,Recurrence,Recurrence,1,2025,4,16,2025-16,202516,1,2025-04-19 09:40:00.120_Bullseye Queue Runner
e2123236-3cec-4f5b-b2b6-2f776bbdf1dd,Bullseye Queue Runner,2024-11-14 10:04:22,2025-02-05 13:21:34,Started,Mohammad Asim,2025-04-19 08:39:59.820,2025-04-19 08:41:00.593,Succeeded,Recurrence,Recurrence,1,2025,4,16,2025-16,202516,1,2025-04-19 08:39:59.820_Bullseye Queue Runner
e2123236-3cec-4f5b-b2b6-2f776bbdf1dd,Bullseye Queue Runner,2024-11-14 10:04:22,2025-02-05 13:21:34,Started,Mohammad Asim,2025-04-19 07:40:00.483,2025-04-19 07:41:04.933,Succeeded,Recurrence,Recurrence,1,2025,4,16,2025-16,202516,1,2025-04-19 07:40:00.483_Bullseye Queue Runner
e2123236-3cec-4f5b-b2b6-2f776bbdf1dd,Bullseye Queue Runner,2024-11-14 10:04:22,2025-02-05 13:21:34,Started,Mohammad Asim,2025-04-19 06:40:00.130,2025-04-19 06:40:56.570,Succeeded,Recurrence,Recurrence,1,2025,4,16,2025-16,202516,1,2025-04-19 06:40:00.130_Bullseye Queue Runner
